timestamp,user
2017-03-30T16:55:38Z,dagrha
2017-03-30T17:00:37Z,anmwinter
2017-04-18T05:17:27Z,dansand
2017-05-09T04:20:47Z,SeisPider
2017-05-17T22:22:06Z,cjhopp
2017-06-07T09:15:40Z,yodges
2017-06-07T22:10:15Z,lpk-py
2017-06-10T11:47:51Z,zqhe-geo
2017-06-27T03:46:16Z,giumas
2017-06-29T00:39:31Z,ikaro1192
2017-07-10T17:00:51Z,ian-r-rose
2017-07-14T06:41:58Z,Stephen0255
2017-07-15T09:11:59Z,ahmetanildindar
2017-07-20T13:14:36Z,bullocke
2017-07-21T13:17:47Z,rebecca-owen
2017-07-21T13:36:52Z,m9brady
2017-07-22T16:25:16Z,MBARIMike
2017-07-22T23:04:17Z,eyadsibai
2017-07-23T21:04:43Z,MarkWieczorek
2017-07-25T07:22:02Z,hvasbath
2017-07-25T15:22:28Z,bielfrontera
2017-07-26T03:47:26Z,nickywright
2017-07-27T09:53:16Z,shicks-seismo
2017-07-27T12:06:46Z,Lydia823
2017-07-30T12:38:02Z,kbogg
2017-07-30T20:53:08Z,calum-chamberlain
2017-07-31T00:14:20Z,GengPeiLin
2017-07-31T03:47:02Z,vickielee333
2017-08-05T15:03:41Z,matthiashackl
2017-08-05T19:04:13Z,eotp
2017-08-07T22:09:08Z,lfengmle
2017-08-08T08:27:57Z,MYLW24
2017-08-11T07:36:28Z,siwill22
2017-08-16T01:08:35Z,yannikbehr
2017-08-23T07:43:56Z,Yafei777
2017-08-25T12:11:35Z,nicklinyi
2017-08-26T01:23:10Z,edx903
2017-08-26T14:53:59Z,bkeats
2017-08-27T06:03:19Z,jasondec
2017-09-02T01:44:36Z,geobzh
2017-09-27T20:09:54Z,rabgc
2017-10-29T21:22:04Z,jimmy60504
2017-11-01T08:41:23Z,AndreaSuckro
2017-11-06T05:31:22Z,kkyyhh96
2017-11-13T23:16:05Z,Hongda-W
2017-11-22T23:34:58Z,hbueno
2017-11-26T00:09:47Z,arturbenevides
2017-11-27T09:56:53Z,linghuam
2017-12-01T03:34:59Z,rmsare
2017-12-06T07:26:25Z,vishalbelsare
2017-12-06T10:42:24Z,cleder
2017-12-09T00:30:36Z,d-chambers
2017-12-12T10:24:32Z,HamMP
2017-12-14T17:23:24Z,SiccarPoint
2017-12-15T04:43:03Z,qdhqf
2017-12-16T22:55:50Z,songzhenhe
2017-12-17T08:58:30Z,onlurking
2017-12-20T12:20:18Z,sean0921
2017-12-22T05:42:40Z,jtwhite79
2017-12-27T03:33:37Z,wxmann
2017-12-28T10:14:51Z,mattijn
2017-12-28T11:03:21Z,keurfonluu
2017-12-30T05:31:16Z,xigrug
2018-01-03T18:24:59Z,ehavazli
2018-01-10T21:52:42Z,benfreeston
2018-01-16T09:43:09Z,ziyixi
2018-01-20T20:44:31Z,k-a-mendoza
2018-01-22T14:02:50Z,jamjar919
2018-02-06T15:46:11Z,honeysyt
2018-02-23T18:07:59Z,shaunwbell
2018-02-26T12:39:36Z,weiyw16
2018-03-11T17:00:19Z,xumi1993
2018-03-18T20:12:02Z,zsunpku
2018-03-22T01:21:04Z,okadate
2018-03-29T05:26:01Z,dotsource
2018-03-30T03:46:05Z,brwst
2018-04-01T14:05:00Z,Caoimhinmg
2018-04-04T16:35:21Z,sammiebuzzard
2018-04-06T09:06:08Z,bozso
2018-04-07T00:18:15Z,geoglrb
2018-04-10T18:39:30Z,idest
2018-04-11T04:25:32Z,bobblanchett
2018-04-13T11:59:31Z,fthturhan
2018-04-24T08:50:35Z,nimanzik
2018-04-29T20:41:46Z,dennissergeev
2018-05-02T14:43:38Z,derick-hess
2018-05-04T09:05:49Z,yaliuSW
2018-05-18T12:51:37Z,bridgeW
2018-05-24T21:39:25Z,scottyhq
2018-05-31T13:02:09Z,Pocho737
2018-06-01T05:47:20Z,Scallions
2018-06-09T05:24:13Z,sislzu
2018-06-09T18:13:53Z,hironow
2018-06-12T10:10:37Z,abunickabhi
2018-06-17T02:24:54Z,focalism
2018-06-25T12:03:32Z,larust
2018-07-10T09:14:15Z,wuqi
2018-07-11T18:58:47Z,zhanlilz
2018-07-13T23:40:42Z,br4v3-r3d
2018-07-18T17:15:43Z,aguspesce
2018-07-31T12:04:30Z,brioglade
2018-08-01T19:19:33Z,ckcin
2018-08-01T20:20:49Z,shipengcheng1230
2018-08-03T02:03:06Z,akshmakov
2018-08-04T06:35:51Z,eamonustc
2018-08-06T13:51:07Z,marzeck
2018-08-08T15:18:04Z,ThomasLecocq
2018-08-14T18:26:39Z,emiawei
2018-08-14T18:55:50Z,jholmes
2018-08-15T22:40:24Z,sbargy
2018-08-16T21:36:34Z,jjle
2018-08-20T14:57:48Z,pzgnss
2018-08-24T02:26:39Z,zhouyuking
2018-08-28T07:39:23Z,KICIOLLO
2018-08-28T12:19:15Z,cmyangcn
2018-08-29T17:55:47Z,iandeniset
2018-08-31T07:23:59Z,fclubb
2018-09-04T03:02:33Z,jermaineharris
2018-09-04T08:50:33Z,spacefan
2018-09-04T20:49:52Z,zeromorphism
2018-09-09T06:23:47Z,RealPolitiX
2018-09-13T12:40:29Z,df-arvinli
2018-09-17T13:12:02Z,ludens23
2018-09-19T01:49:09Z,szyu345
2018-09-23T00:08:43Z,Ultronixon
2018-09-24T10:00:43Z,shiyxg
2018-09-24T18:08:53Z,bradleylab
2018-09-25T09:27:43Z,xiashim
2018-10-04T15:04:14Z,hkcperry
2018-10-17T04:42:09Z,dlxiii
2018-10-28T14:16:57Z,jingxu002
2018-11-02T21:01:00Z,wsavran
2018-11-09T11:32:12Z,dertuncay
2018-11-10T23:41:55Z,thehalfspace
2018-11-11T04:48:14Z,jbrussell
2018-11-15T15:23:52Z,houbr1992
2018-11-19T14:15:05Z,tgoelles
2018-11-20T08:32:13Z,alameday
2018-11-20T21:14:11Z,larry-lu
2018-11-29T10:43:33Z,marax27
2018-12-06T12:26:42Z,gitzhzhg
2018-12-08T08:18:22Z,holishing
2018-12-12T11:40:46Z,VandersonRibeiro
2018-12-19T14:17:36Z,muranamihdk
2018-12-24T07:54:18Z,liamtoney
2019-01-03T13:20:39Z,NieYi
2019-01-10T07:21:49Z,strongdeer
2019-01-10T20:27:14Z,QiminWu
2019-01-11T01:33:14Z,chianhenglee
2019-01-18T03:33:17Z,ybfreal
2019-01-19T02:37:36Z,JWDPhD2185
2019-02-13T09:33:39Z,SpinaCianetti
2019-02-20T21:34:10Z,joshhjacobson
2019-03-10T00:32:35Z,EJFielding
2019-03-10T08:39:14Z,yayima
2019-03-11T12:33:17Z,Japhiolite
2019-03-13T19:15:50Z,steo85it
2019-03-15T06:41:51Z,nipunbatra
2019-03-17T19:19:53Z,mcpca
2019-03-19T23:17:38Z,scifi6546
2019-03-20T12:27:46Z,blackarrow3542
2019-03-27T08:58:31Z,zhanglei911
2019-03-29T23:21:26Z,mlittlec
2019-03-30T12:52:21Z,Adryan2
2019-04-04T04:16:00Z,wangyf
2019-04-06T12:36:38Z,Zeqiu
2019-04-09T01:08:10Z,WilliamZcy
2019-04-18T07:14:40Z,multisgg
2019-04-18T11:02:20Z,ivopessanha
2019-04-19T06:04:17Z,De-Guo
2019-04-19T07:18:04Z,bright0516
2019-04-25T07:39:18Z,dcarbonado
2019-04-25T19:11:31Z,tychoaussie
2019-05-09T20:15:14Z,marceloandrioni
2019-05-22T07:41:37Z,JunyYan
2019-05-23T14:23:44Z,volpatto
2019-05-27T12:32:22Z,msu-seismo
2019-06-15T07:20:44Z,HaulJ
2019-06-17T15:58:06Z,rudolffu
2019-06-19T09:06:20Z,invitrum
2019-06-21T04:17:35Z,chdwql
2019-06-25T21:33:01Z,pricemg
2019-07-10T20:54:30Z,RDePlaen
2019-07-22T03:56:50Z,Gab0
2019-07-30T19:01:18Z,ymcmrs
2019-08-01T14:46:50Z,sslead
2019-08-04T02:18:23Z,edwardptera
2019-08-14T23:29:31Z,lorenzofSFEI
2019-08-16T05:34:29Z,aicesun
2019-08-19T01:40:43Z,alpha-beta-soup
2019-08-26T00:50:56Z,jordij
2019-09-04T09:03:33Z,chinaperrin
2019-09-05T06:37:23Z,ssfeather
2019-09-05T10:47:44Z,ouaguid
2019-09-06T18:05:09Z,kpalamartchouk
2019-09-11T02:40:29Z,edurojasr
2019-10-06T14:26:22Z,wmoreland
2019-10-14T15:10:32Z,mlees0209
2019-10-18T02:05:06Z,e5k
2019-10-21T13:04:36Z,gauteh
2019-10-23T11:28:01Z,qiaohaochen
2019-10-24T14:19:08Z,letianOI
2019-11-07T06:09:00Z,Olivine-Ryo
2019-11-14T20:34:48Z,tamck
2019-11-25T20:02:40Z,snowman2
2019-11-27T09:17:02Z,feiniao33
2019-11-28T02:14:23Z,pankajkarman
2019-12-09T07:33:07Z,stoormgeo
2019-12-10T04:45:03Z,OuyangWenyu
2019-12-16T08:58:26Z,ColinLii
2019-12-17T18:32:23Z,kmaterna
2019-12-18T21:42:22Z,fdbesanto2
2020-01-13T15:37:45Z,Nasuyo
2020-01-25T20:22:12Z,elbeejay
2020-01-26T13:53:05Z,PedroRamos360
2020-02-04T22:17:56Z,surfline-scott
2020-02-05T14:55:37Z,ZhangShunCN
2020-02-05T15:36:52Z,rqin-ium
2020-02-06T07:02:29Z,Cuda-Chen
2020-02-09T02:16:37Z,ispingos
2020-02-12T02:54:34Z,HakunanMatatat
2020-02-24T09:29:45Z,MartinFlores751
2020-02-28T12:43:44Z,mantle-warrior
2020-03-03T20:18:18Z,jrreich
2020-03-11T11:27:52Z,wobrotson
2020-03-19T17:11:57Z,katiavilam
2020-03-25T00:20:27Z,davidfee5
2020-03-30T13:36:14Z,mahmoud-shihab
2020-04-06T09:29:38Z,mkfuture
2020-04-27T10:29:04Z,Zatteliet
2020-04-30T01:49:35Z,yCKHCloHqfzQSonnfaMv
2020-05-06T02:12:15Z,FluvialSeds
2020-05-09T06:46:56Z,WhitCrow
2020-05-09T08:13:20Z,yezhengkai
2020-05-10T00:23:51Z,JasonNg91
2020-05-12T07:20:12Z,yej117
2020-05-12T22:10:53Z,Anthys
2020-05-18T10:13:40Z,juanfcocontreras
2020-05-18T17:25:29Z,jconvers
2020-05-19T22:54:04Z,manuelgeologo
2020-05-21T05:02:41Z,tjnewton
2020-05-22T06:11:41Z,monocilindro
2020-05-31T06:31:04Z,royalosyin
2020-06-06T22:24:23Z,mhodgesintera
2020-06-11T18:00:13Z,whyjz
2020-06-12T13:00:23Z,cczjbest
2020-06-12T17:42:04Z,cashaw-mt
2020-06-22T10:05:37Z,jamesdamillington
2020-06-24T03:48:16Z,lsawade
2020-06-24T08:32:16Z,AlbertoJimenezDiaz
2020-06-27T14:04:31Z,jaredbryan881
2020-06-28T09:57:49Z,sonithls
2020-06-30T20:39:08Z,zlifton
2020-07-03T16:21:39Z,PeterMakus
2020-07-06T04:38:43Z,mvdh7
2020-07-08T11:15:30Z,lhoupert
2020-07-10T07:40:28Z,fcarvalhopacheco
2020-07-13T19:26:35Z,RossOng
2020-07-17T03:41:09Z,JianbaoSun
2020-07-19T14:32:43Z,LIN-k-ui
2020-07-21T10:24:02Z,mingzhaochina
2020-07-25T08:35:02Z,sankexing
2020-07-26T10:43:23Z,HarryLeah
2020-08-11T00:07:48Z,sinanozaydin
2020-08-11T17:09:59Z,chaosongPU93
2020-08-11T17:10:05Z,miguelj-neves
2020-08-14T14:46:36Z,yasuit21
2020-08-14T17:09:56Z,its-just-james
2020-08-17T09:33:51Z,deepa004
2020-08-19T07:28:13Z,ynuzou
2020-08-21T02:16:30Z,xuehaiming
2020-09-11T07:56:40Z,ejgal
2020-09-16T12:21:37Z,carocamargo
2020-09-19T05:46:13Z,seedlit
2020-09-22T14:42:43Z,lsbts
2020-09-27T10:45:59Z,martinfleis
2020-09-28T08:08:13Z,rdmolony
2020-10-06T23:48:52Z,gomexnez
2020-10-09T18:02:07Z,callumrollo
2020-10-10T00:26:38Z,lixiao2
2020-10-14T07:55:18Z,bpurinton
2020-10-15T05:49:36Z,KaixuanDai
2020-10-19T08:35:43Z,vivigb
2020-10-19T11:52:58Z,RichardScottOZ
2020-10-21T12:06:53Z,jransonhayes
2020-11-11T06:36:35Z,uchide
2020-11-20T03:28:13Z,sywang0704
2020-11-22T00:54:32Z,zy911k24
2020-11-22T15:13:11Z,wangxch2019
2020-11-25T11:48:01Z,sunmucas
2020-11-27T12:26:22Z,indrarudianto
2020-12-07T05:51:57Z,Fiiish-YU
2020-12-08T09:03:14Z,shawn1251
2020-12-15T01:47:44Z,stan0413
2020-12-16T16:41:55Z,seyhmuscant
2020-12-25T08:33:43Z,Ricardoarias1
2020-12-26T06:27:26Z,kanglcn
2020-12-29T07:31:55Z,sanjaypant99
2020-12-29T15:37:41Z,zha0ming1e
2021-01-04T14:01:32Z,summmms
2021-01-06T15:49:14Z,iuryt
2021-01-07T17:36:27Z,apaloczy
2021-01-09T18:48:38Z,benben-miao
2021-01-10T09:55:29Z,HouseJaay
2021-01-12T17:45:54Z,sweetcoffee520
2021-01-21T22:14:25Z,marcell-ferenc
2021-01-27T07:08:49Z,BerginJay
2021-01-29T23:26:36Z,agusg25
2021-02-16T21:08:43Z,Aaaapril4
2021-02-17T22:03:34Z,FernandoJGomez
2021-02-18T21:01:55Z,maxrjones
2021-02-24T02:50:49Z,MrXiaoXiao
2021-03-05T14:02:21Z,hqf9hibgvoewah
2021-03-11T14:42:12Z,Lencof
2021-03-12T01:31:43Z,noorbuchi
2021-03-12T19:22:06Z,cklima616
2021-03-13T20:42:37Z,yunjunz
2021-03-16T07:34:25Z,zifeizzz
2021-03-19T02:48:07Z,spikerror
2021-03-21T15:52:41Z,Shuwen-Liu
2021-03-22T18:40:43Z,nagellette
2021-03-25T05:36:29Z,yuankailiu
2021-03-27T12:15:35Z,MichaeINeumann
2021-03-30T00:31:15Z,ThomasG77
2021-03-31T18:23:43Z,dianabinaria
2021-04-01T08:44:10Z,mindninjaX
2021-04-01T11:29:35Z,juliusgarbe
2021-04-03T17:19:10Z,tervorapid
2021-04-05T06:52:42Z,aaronshenhao
2021-04-06T04:11:27Z,achuthasubhash
2021-04-07T20:00:48Z,aydogduali
2021-04-11T18:50:52Z,s-zavala
2021-04-18T11:44:08Z,zersorger
2021-04-21T21:52:50Z,giswqs
2021-04-21T22:31:15Z,cheginit
2021-04-22T18:17:27Z,katiebristol
2021-04-22T18:44:29Z,ali-robot
2021-04-23T21:36:36Z,JavierLopatin
2021-04-24T10:02:23Z,esalehim
2021-04-24T19:32:00Z,Akramz
2021-05-05T14:31:09Z,dokosho02
2021-05-09T09:46:32Z,mfkiwl
2021-05-12T02:42:55Z,anzhijiang
2021-05-13T16:11:21Z,monicamposr
2021-05-21T07:16:53Z,tee-vee
2021-05-28T21:07:40Z,wehrad
2021-06-03T22:33:05Z,arleaman
2021-06-04T00:16:16Z,brendanjmeade
2021-06-07T14:44:48Z,geophylika
2021-06-08T08:52:28Z,zhiqiang513
2021-06-10T03:16:39Z,VectorZhao
2021-06-11T07:33:34Z,CUGbaoyi
2021-06-14T20:46:04Z,Nathalie-Yoliana
2021-06-19T06:42:06Z,VioletaSeo
2021-06-21T08:15:59Z,XiaogangHe
2021-06-22T02:02:32Z,Keeptg
2021-06-22T10:12:11Z,RMKD
2021-06-26T01:56:49Z,harveyrandall
2021-06-28T06:42:11Z,Reagan0914
2021-06-29T09:49:23Z,carmelosammarco
2021-06-30T13:36:03Z,robmarkcole
2021-07-01T04:37:09Z,fly51fly
2021-07-09T09:10:32Z,IzabelaN29
2021-07-09T10:24:56Z,willschlitzer
2021-07-17T13:52:58Z,Location-Artistry
2021-07-22T15:16:27Z,guangbaoshen
2021-07-26T16:34:26Z,olamb245
2021-08-04T08:34:05Z,ftbernales
2021-08-13T19:11:49Z,arheem
2021-08-19T03:09:08Z,RSer-zhuo
2021-08-21T02:43:22Z,321HG
2021-08-23T14:43:04Z,hlpureboy
2021-08-25T08:56:06Z,two-phaseflow
2021-08-28T07:44:44Z,gutzbenj
2021-08-28T11:30:44Z,amotl
2021-08-29T22:16:11Z,sr7142x
2021-08-31T16:47:41Z,IlluminareMalusMoribus
2021-09-02T04:20:07Z,ggdp
2021-09-13T03:55:53Z,jmm688
2021-09-15T01:02:18Z,Arctic-Ambrun
2021-09-17T00:48:14Z,jtwang412
2021-09-24T01:01:30Z,FinniganIK
2021-09-24T07:05:37Z,Cacifer-Kuo
2021-09-27T06:17:59Z,study484
2021-10-01T23:51:08Z,yangleir
2021-10-12T08:34:22Z,hoar
2021-10-15T18:04:43Z,jiunting
2021-10-16T21:28:25Z,maguman
2021-10-19T23:46:38Z,blaylockbk
2021-10-19T23:49:05Z,ritviksahajpal
2021-10-20T05:15:43Z,pt20
2021-10-20T08:34:13Z,alexhafner
2021-10-22T11:25:04Z,maawoo
2021-10-23T03:51:45Z,MrZombie69232
2021-10-24T06:10:40Z,dpath2o
2021-10-27T16:29:14Z,lsxinh
2021-10-27T21:26:31Z,SimonMolinsky
2021-10-30T11:29:04Z,esrivas17
2021-11-01T12:01:52Z,josteinl
2021-11-08T01:21:02Z,sanglinwei
2021-11-08T17:38:01Z,karimbahgat
2021-11-08T21:39:43Z,jwjeremy
2021-11-11T09:55:29Z,MelihCelik00
2021-11-12T02:57:23Z,MuQing666
2021-11-13T15:12:30Z,thorly
2021-11-14T15:12:48Z,MuellerSeb
2021-11-15T02:08:00Z,gglin001
2021-11-16T01:00:28Z,Createroner
2021-11-16T01:30:10Z,PeiyanXi
2021-11-16T10:56:15Z,rorypeck
2021-11-22T08:34:41Z,fourstops
2021-11-22T16:25:30Z,umutmuratayaz
2021-11-23T03:31:52Z,Arfandi-07
2021-11-26T10:32:30Z,aragong
2021-11-27T08:29:24Z,takahiro-prog
2021-12-01T21:11:16Z,SulavKhadka
2021-12-02T22:22:08Z,unclebb31
2021-12-07T06:05:35Z,absognety
2021-12-07T11:31:43Z,adrodgers
2021-12-11T00:15:41Z,weiji14
2021-12-12T09:37:59Z,leouieda
2021-12-14T14:41:34Z,jessecusack
2021-12-14T15:01:53Z,jsta
2021-12-14T15:11:14Z,xchanmolx
2021-12-20T20:56:39Z,pengyonghui
2021-12-28T19:11:39Z,jkmacc-LANL
2022-01-01T19:24:10Z,rwalkerlewis
2022-01-08T22:52:51Z,xmnlab
2022-01-10T07:34:46Z,NoahWanax
2022-01-10T13:07:13Z,mshtyusuf
2022-01-11T20:32:13Z,zxdawn
2022-01-12T09:13:59Z,juch427
2022-01-13T13:31:14Z,cameron-jordan04
2022-01-15T18:14:42Z,demanasta
2022-01-27T02:03:54Z,joaocarmopy
2022-01-29T08:30:40Z,HinVec
2022-02-03T04:09:39Z,rzhao621
2022-02-06T15:50:36Z,yadidya-b
2022-02-08T16:27:56Z,NeeshaRS
2022-02-17T23:51:37Z,Psychnix
2022-02-22T00:51:29Z,noraini0210
2022-02-22T23:59:07Z,jonathantree
2022-03-01T08:12:08Z,malikmateen917
2022-03-03T00:04:10Z,huangzq681
2022-03-03T06:36:34Z,foredoom007
2022-03-06T04:54:30Z,burtonnr
2022-03-09T12:28:20Z,skyerGalaxy
2022-03-11T09:50:45Z,libralibra
2022-03-14T18:42:27Z,tourmaligned
2022-03-14T21:29:26Z,skwaugh
2022-03-14T23:45:20Z,lifefinderglobal
2022-03-15T02:49:26Z,jwhhh
2022-03-15T15:09:04Z,Cyarakd
2022-03-16T02:46:23Z,tobiste
2022-03-16T12:24:49Z,eai-eo
2022-03-17T10:44:55Z,ioannapap
2022-03-17T22:16:34Z,acocac
2022-03-20T10:12:12Z,areuready
2022-03-21T15:24:55Z,Dengda98
2022-03-25T17:24:05Z,QuentinRodier
2022-04-01T03:07:12Z,g8gg
2022-04-04T01:17:24Z,jiankang1991
2022-04-10T03:20:15Z,mdtanker
2022-04-11T23:39:46Z,brownag
2022-04-12T08:02:48Z,dongyi1996
2022-04-12T19:24:59Z,jagatiyakeval
2022-04-13T20:05:16Z,javedali99
2022-04-13T20:43:14Z,durbank
2022-04-14T06:26:41Z,grillazz
2022-04-15T02:39:12Z,RunningXinLiu
2022-04-20T13:36:40Z,kmolima
2022-04-20T14:18:19Z,nafarinha
2022-04-23T03:01:25Z,GuimeiLu
2022-04-27T14:13:12Z,Puwx
2022-05-02T13:38:03Z,yuzhangnju
2022-05-04T05:55:32Z,tereperalta
2022-05-06T16:57:14Z,JimmyPhamT
2022-05-11T06:17:01Z,genghenggao
2022-05-13T20:22:14Z,JeffCarpenter
2022-05-16T15:46:36Z,JamieKKK
2022-05-23T15:41:15Z,coldfix
2022-05-25T07:33:59Z,jiangyuinsar
2022-05-25T12:29:51Z,chenyqmy
2022-05-27T09:50:30Z,JLSanchezRoldan
2022-05-29T20:22:32Z,Oceansponge
2022-05-30T06:23:22Z,Mr-thankss
2022-05-31T08:13:14Z,KATO-Hiro
2022-05-31T11:33:43Z,piratecarrot
2022-06-01T19:25:30Z,MoonIllusion
2022-06-06T17:53:12Z,asitha-sena
2022-06-13T07:18:22Z,blue340
2022-06-14T19:42:26Z,10go-L
2022-06-16T17:10:57Z,selipot
2022-06-19T02:58:52Z,jhwohlgemuth
2022-06-24T06:00:57Z,dipikamishra
2022-06-28T19:17:34Z,zmcfire
2022-06-28T21:39:22Z,LouisKamp
2022-07-02T06:51:10Z,satno
2022-07-04T03:45:43Z,arindan
2022-07-04T20:38:04Z,thicknavyrain
2022-07-13T16:21:14Z,jrobrien91
2022-07-14T11:08:06Z,WalternativE
2022-07-15T19:29:05Z,MeritxellC
2022-07-17T21:46:40Z,giohappy
2022-07-19T16:38:34Z,nikivdev
2022-07-26T19:12:34Z,kanchukaitis
2022-08-04T01:33:09Z,trngbich
2022-08-05T02:52:22Z,kefuhe
2022-08-18T11:50:00Z,yangt235
2022-08-22T04:07:14Z,litu1212
2022-08-29T15:03:41Z,caprieldeluca
2022-09-01T10:39:29Z,iprapas
2022-09-04T15:17:02Z,LiShuai-ls
2022-09-07T19:43:50Z,jonathanlurie
2022-09-07T21:38:55Z,zhpfu
2022-09-23T13:20:41Z,Dan-Boat
2022-09-24T14:40:30Z,ljtking123
2022-09-25T03:02:50Z,johntrieu91
2022-09-26T02:23:00Z,rssyid
2022-09-26T07:27:47Z,hehesoul
2022-09-26T07:57:13Z,whrzebra
2022-09-29T14:02:59Z,naveenragur
2022-09-30T11:41:48Z,Strannik1922
2022-10-04T14:38:37Z,GregoireHENRY
2022-10-05T11:12:23Z,zjzzqs
2022-10-06T04:45:49Z,PltSgtMac
2022-10-09T09:35:46Z,nathangreenhydro
2022-10-11T10:05:33Z,velikodniy
2022-10-20T00:53:28Z,qhbsss
2022-10-22T23:32:13Z,chengmonk
2022-10-23T02:05:29Z,manuhe20
2022-10-25T06:01:55Z,hubery055
2022-10-26T18:16:37Z,Obaida777
2022-10-28T10:22:08Z,Alzaidy1
2022-10-28T11:07:05Z,devick
2022-10-29T09:14:28Z,Kerr-no1
2022-11-04T08:05:46Z,WilhelmRhein
2022-11-04T18:01:29Z,PavlosDem99
2022-11-10T17:04:07Z,libzzluo
2022-11-14T04:42:14Z,ryandury
2022-11-15T13:13:51Z,hansmannj
2022-11-18T14:28:14Z,mnergizci
2022-11-22T06:45:02Z,chanewthon
2022-11-25T20:11:06Z,dimitri-di
2022-11-26T12:26:40Z,LemonBoy68
2022-11-26T17:29:23Z,sm4x
2022-11-28T12:08:28Z,michaelgrund
2022-11-29T14:53:21Z,james-morrison-mowi
2022-12-01T18:47:20Z,vardareg
2022-12-11T14:36:35Z,rubennj
2022-12-21T17:10:06Z,jwellik
2022-12-21T23:29:18Z,e-farahbakhsh
2022-12-28T16:11:55Z,gxchen18
2023-01-05T09:17:09Z,PondiB
2023-01-08T09:15:37Z,hshu1
2023-01-10T06:44:06Z,leongkui
2023-01-10T18:37:50Z,osmnbtrclk
2023-01-13T03:27:50Z,guoqiyi
2023-01-15T13:52:49Z,lucapug
2023-01-24T20:15:27Z,enesgul23
2023-01-25T03:52:39Z,bmcandr
2023-01-26T09:47:08Z,CLi-de
2023-02-02T00:53:06Z,florianneukirchen
2023-02-03T19:52:54Z,Paree24
2023-02-14T07:58:56Z,bitecc
2023-02-16T18:01:51Z,danhooke
2023-02-20T15:34:29Z,pete33geo
2023-02-22T16:32:35Z,hughaharper
2023-02-23T02:40:13Z,KMZhu
2023-02-26T01:46:29Z,dwr-psandhu
2023-03-01T01:33:14Z,tso1257771
2023-03-01T12:37:54Z,Miss-Lonelyhearts
2023-03-07T14:58:58Z,SNTWU
2023-03-11T15:54:36Z,gauxar
2023-03-15T08:29:42Z,wanghaoyucn
2023-03-18T13:47:21Z,scottcg
2023-03-20T14:11:56Z,shervinazadi
2023-03-24T10:15:59Z,Ne-oL
2023-03-27T11:24:26Z,lvfeinan
2023-03-28T13:06:18Z,ruckerk
2023-04-01T13:30:26Z,Meng-Jiuan
2023-04-07T07:04:38Z,liqun-liu
2023-04-12T13:37:40Z,cooph2022
2023-04-12T16:21:27Z,IgorWounds
2023-04-14T07:27:20Z,zyyyz
2023-04-17T10:53:21Z,hujinghaoabcd
2023-04-21T10:58:38Z,hiDaDeng
2023-04-21T11:34:55Z,HIT-WangZY
2023-04-22T15:46:33Z,zwx1008
2023-04-23T05:51:12Z,rsyangms
2023-04-24T09:02:04Z,tomclemen
2023-04-25T16:19:54Z,Keoeeit
2023-04-28T20:38:55Z,ifmelchor
2023-05-01T15:14:09Z,vc1492a
2023-05-04T04:08:23Z,wenwenkong
2023-05-21T13:10:57Z,yvonnefroehlich
2023-05-24T06:49:13Z,NodiraTillayeva
2023-05-24T18:25:55Z,mhweber
2023-05-26T09:12:40Z,Renatogutiz
2023-05-28T12:14:51Z,zsylvester
2023-05-30T06:11:58Z,JandyZ22
2023-06-01T02:42:13Z,fanghua-2018
2023-06-06T16:27:30Z,dimitrasal
2023-06-11T16:13:29Z,keishapq31
2023-06-13T13:48:16Z,eangamarcas
2023-06-14T17:40:17Z,bboudhane
2023-06-19T17:23:16Z,valpesendorfer
2023-07-10T15:28:12Z,henryclara
2023-07-17T10:25:35Z,jamaa
2023-07-18T00:20:29Z,wjqgit8828
2023-07-26T20:51:09Z,srobe
2023-07-28T08:48:02Z,tec108
2023-07-31T09:30:28Z,ValentinCassayre
2023-08-14T23:25:50Z,dorogyn22
2023-08-22T09:19:47Z,delsdwf
2023-08-29T04:41:45Z,MichellDuan
2023-09-01T18:22:07Z,Robson-Passos
2023-09-02T15:45:05Z,rhkarls
2023-09-04T09:50:26Z,morand-g
2023-09-11T01:38:48Z,Allen-WangLH
2023-09-11T11:31:33Z,RosalindWilks
2023-09-11T11:35:35Z,souvik666
2023-09-11T11:40:46Z,zks132023
2023-09-11T15:37:10Z,gibstafa
2023-09-11T16:27:55Z,Sandalots
2023-09-11T17:42:26Z,cousindenny
2023-09-11T20:02:30Z,Preyash-NEU
2023-09-11T22:31:10Z,PabloJAndrade
2023-09-12T01:18:17Z,SilviaBeatrizRamirez
2023-09-12T02:53:01Z,ADrianENrique1
2023-09-12T05:12:04Z,EmineFirik
2023-09-12T06:29:49Z,aisabsalom
2023-09-12T07:00:28Z,afndafnd
2023-09-12T07:10:03Z,22bca68
2023-09-16T09:16:49Z,zyrspy
2023-09-27T01:56:16Z,wp48088654
2023-09-28T03:48:55Z,godkingjay
2023-10-05T04:31:19Z,raysome
2023-10-08T13:08:17Z,maodemo
2023-10-09T07:30:38Z,akindomac
2023-10-10T20:42:39Z,darynwhite
2023-10-11T15:07:50Z,vgalin
2023-10-13T10:43:24Z,PENGwxgeo
2023-10-17T13:48:13Z,jiezhou87
2023-10-17T19:06:24Z,g-n-d-v
2023-10-19T09:00:16Z,zhangzj1209
2023-10-20T06:55:19Z,dkedar7
2023-11-01T12:20:43Z,ivgnk
2023-11-06T18:00:35Z,BiaPri
2023-11-06T22:31:01Z,Hanxiao-Wu
2023-11-08T04:14:02Z,SepHealing0922
2023-11-09T06:29:58Z,shunichironomura
2023-11-11T16:10:57Z,RomanJavaid
2023-11-11T16:57:01Z,TaNy76
2023-11-11T17:12:55Z,EuJinnLucaShow
2023-11-11T19:13:05Z,coraliacostel
2023-11-11T19:58:56Z,halaasdia
2023-11-12T02:55:08Z,teoubuntu
2023-11-12T05:54:04Z,forgenmauo
2023-11-17T04:50:23Z,spicydonkey
2023-11-17T07:59:35Z,Deg2v
2023-11-17T20:39:54Z,JuanMendez167
2023-11-21T08:31:43Z,tktktktktktktktktk
2023-11-22T03:41:08Z,chengnan0
2023-11-28T13:10:10Z,jvanlede
2023-11-28T14:54:51Z,nerojia
2023-12-04T05:19:29Z,user015
2023-12-13T00:00:40Z,J00Ramos
2023-12-21T22:09:13Z,HuidaeCho
2023-12-22T22:20:18Z,tgstone
2023-12-31T02:09:36Z,alexvillarroel
2024-01-07T03:48:01Z,suicee
2024-01-07T05:33:20Z,farfrom-Alex
2024-01-08T17:28:57Z,natemeier
2024-01-10T14:58:19Z,filmfer
2024-01-17T22:23:11Z,cjolson64
2024-01-23T12:48:42Z,gislinker
2024-01-28T16:37:18Z,SarahG-579462
2024-01-29T08:58:19Z,vis2hnu1
2024-01-30T15:28:01Z,BradleyHuang
2024-01-31T05:46:30Z,mhy-bsi
2024-02-05T03:59:50Z,rogermexico73
2024-02-05T17:36:48Z,MaximilianLowe
2024-02-06T03:30:55Z,alan-feng
2024-02-09T12:01:17Z,ericmiguel
2024-02-23T11:03:05Z,MarcoSal
2024-02-25T16:17:43Z,kilianetter
2024-03-01T05:28:18Z,taner45
2024-03-12T07:13:53Z,BalaBalaji0722
2024-03-19T07:32:44Z,cyschneck
2024-03-26T11:50:47Z,dou3516
2024-03-27T02:06:59Z,KINDREDFFF
2024-03-29T23:36:33Z,tanega
2024-03-31T12:00:36Z,Bohr-niels
2024-04-01T07:16:08Z,wangweixuan
2024-04-03T08:07:22Z,RaczeQ
2024-04-03T19:18:13Z,shubiuh
2024-04-05T08:42:15Z,MatPilot
2024-04-06T02:24:29Z,am2222
2024-04-06T16:43:58Z,sigmafelix
2024-04-10T09:02:21Z,ambroisernd
2024-04-11T20:18:20Z,admercs
2024-04-12T18:25:57Z,presentt
2024-04-14T23:04:42Z,caioerick
2024-04-15T14:44:24Z,RongXuRongXu
2024-04-16T02:40:49Z,ShihChi90
2024-04-18T23:00:36Z,wa-v-es
2024-04-24T14:30:52Z,iamaSam
2024-04-27T09:20:38Z,is-enaga
2024-05-02T20:03:26Z,soroushyasini
2024-05-07T04:05:21Z,DevilIris
2024-05-07T18:47:49Z,hhutyou
2024-05-10T18:05:01Z,fethree
2024-05-11T00:54:10Z,cuitianyu20
2024-05-26T17:12:07Z,MJA645
2024-05-28T10:49:24Z,mpintow
2024-05-29T02:26:41Z,ZhiyuanShi1901
2024-05-30T11:24:57Z,avoicikas
2024-05-30T16:35:40Z,AudunVN
2024-05-31T06:35:22Z,changan1987
2024-06-17T22:18:00Z,vieramercado
2024-06-22T13:49:04Z,wangruichen100
2024-07-29T19:14:32Z,jorgelcq
2024-08-02T03:49:42Z,romawhite
2024-08-04T00:33:09Z,teofilosalgado
2024-08-04T08:13:44Z,youtian95
2024-08-06T11:04:07Z,daalgi
2024-08-06T11:12:14Z,StarrMoonn
2024-08-09T15:33:18Z,caplinje-NOAA
2024-08-12T20:46:46Z,dpak-p
2024-08-13T10:17:52Z,wchatx
2024-08-15T20:37:12Z,DanielCamarena
2024-08-19T18:11:19Z,abubelinha
2024-09-04T03:58:18Z,lminghui12331
2024-09-18T18:57:17Z,kasperg3
2024-09-19T01:35:20Z,WeiSen0011
2024-09-20T13:48:02Z,xieyingliao
2024-09-25T01:32:07Z,ggzitha
2024-09-29T10:59:12Z,ymyc
2024-09-30T22:49:10Z,neilbrub
2024-10-02T06:46:56Z,tvoirand
2024-10-03T15:21:31Z,cyloveyou
2024-10-08T06:41:27Z,DIPTE
2024-10-10T07:38:19Z,zzuwpf
2024-10-20T08:58:08Z,Polar-MXY
2024-10-23T02:50:11Z,shihabk1
2024-10-27T01:11:31Z,waveletswave
2024-10-28T17:46:29Z,Tingting2022
2024-10-31T07:04:41Z,yyqww
2024-11-07T03:06:19Z,Lindanita
2024-11-13T09:47:41Z,jianglq6
2024-11-14T11:50:58Z,FullByte
2024-11-15T13:53:21Z,Edwards-cug
2024-11-16T18:38:31Z,venkatashiva
2024-11-16T19:39:52Z,bwwjohnson
2024-11-19T01:07:49Z,wangzcl
2024-11-20T13:32:28Z,sarilakhurana006
2024-11-22T12:01:04Z,Lszidv
2024-11-27T13:42:07Z,MoleskinProductions
2024-12-05T02:37:57Z,jsurette6
2024-12-12T01:26:21Z,cbreins
2024-12-12T14:42:32Z,linyuspace
2024-12-12T18:57:32Z,Merblex
2024-12-13T03:34:24Z,sc66cc
2024-12-13T13:47:06Z,kitmacleod
2024-12-14T11:54:45Z,rstulug
2025-01-06T19:51:42Z,jf-huang
2025-01-07T09:49:59Z,luke-belton
2025-01-11T01:35:16Z,vinicius-anp
2025-01-15T06:48:54Z,Cirno-del-Nueve
2025-01-20T12:26:10Z,xinxinse
2025-02-03T23:58:02Z,nsea-log
2025-02-10T07:13:09Z,cvanwynsberghe
2025-02-11T00:33:56Z,tgridcloud-ewsp
2025-02-17T09:41:33Z,TENQEI
2025-03-02T14:05:05Z,Dennisfanai
2025-03-05T16:28:41Z,wangxiaona16
2025-03-07T20:09:49Z,chhei
2025-03-17T02:26:32Z,nf-s
2025-03-23T03:34:46Z,fubingchen
2025-03-24T03:17:49Z,geography-man
2025-04-01T15:07:26Z,tomeracles
2025-04-01T20:29:17Z,eudaimoniatech
2025-04-02T05:07:15Z,xjock
2025-04-11T05:30:02Z,alexis12138
2025-04-18T03:10:01Z,xiaozhi308
2025-04-18T13:57:09Z,zhangchong12
2025-04-24T15:35:05Z,ttcat98
2025-04-29T07:23:26Z,simonprovost
2025-05-05T06:12:56Z,catastropiyush
2025-05-17T17:08:30Z,GeoLarryLai
2025-05-20T08:49:49Z,SpikeMieMie
2025-05-23T17:24:49Z,GeorgeKontsevik
2025-06-08T16:59:05Z,vsemionov
2025-06-11T12:23:19Z,bgiambe
2025-06-18T15:08:35Z,juliofreitas
2025-06-27T07:34:41Z,peanutfun
2025-07-03T08:37:01Z,dominika-malinowska
2025-07-17T12:13:07Z,dkapt
2025-07-18T07:24:03Z,senclimate
2025-07-18T08:34:01Z,arbal
2025-07-23T11:39:13Z,shuttle1987
2025-07-29T05:04:35Z,Rndsd
2025-08-01T09:21:07Z,t00mitali
2025-08-11T01:17:40Z,ZichenZhao15
2025-08-11T08:29:01Z,yfznanshanyi
2025-08-22T21:51:00Z,shivam411
2025-09-05T09:01:30Z,wurenzhe163
2025-09-26T12:39:49Z,Baimanight
2025-10-21T02:16:17Z,zjdkyyz
2025-10-30T07:46:16Z,YizhanZHAO
2025-11-02T14:08:18Z,Chuan1937
2025-11-03T22:30:19Z,scott-huberty
2025-11-07T07:34:24Z,seisman
2025-11-07T16:24:15Z,adam-arce
2025-11-08T02:48:15Z,kshitijaucharmal
2025-11-09T16:48:17Z,QuadDarv1ne
2025-11-10T09:00:08Z,Kyriema
2025-11-12T08:48:57Z,learnpls
2025-11-15T06:38:41Z,clinoamphibole
2025-11-16T06:15:37Z,Fatih-sn09
2025-11-22T10:45:59Z,LeoLetellier
2025-11-24T08:21:17Z,liu510430
2025-11-26T17:40:15Z,jshn9515
2025-11-27T19:06:55Z,Kikysee
2025-11-28T23:55:58Z,chabbymark
2025-12-01T18:47:32Z,lzyerlzyer
2025-12-13T00:10:27Z,hongmaohuang
2025-12-14T10:49:56Z,yuyi13
2025-12-16T12:09:37Z,989139835182
2025-12-23T01:13:41Z,eguerrero3760
2025-12-25T01:35:42Z,Ramah95
2025-12-25T02:18:10Z,erbiaoger
2026-01-09T08:47:57Z,huang-up
2026-01-15T10:16:58Z,ImLaoBJie
2026-01-22T17:21:53Z,rmcd-mscb
2026-02-07T21:22:16Z,ynieWXJB
2026-02-09T06:47:42Z,nova1987a
2026-02-12T00:38:24Z,guigeof
2026-02-12T01:37:50Z,q1165600785
2026-02-24T09:38:03Z,BjarkeN
2026-02-26T05:05:21Z,ycli0536
2026-03-04T19:14:21Z,chrishna1
2026-03-05T16:42:07Z,redyank
2026-03-09T08:33:18Z,Zyuee
2026-03-10T17:00:40Z,JuanJT117
2026-03-17T08:15:38Z,Ma-Huilian
2026-03-19T01:54:30Z,billybillymc
2026-03-19T10:47:49Z,uber30
2026-03-23T18:07:09Z,nishad625-bot
2026-03-25T12:49:11Z,Heliodex
